学号,姓名,班级,性别,语文,数学,英语
2025016,褚燕,二班,女,64.0,86.0,74.0
2025007,孙杰,一班,男,67.0,72.0,63.0
2025020,施倩,二班,女,81.0,91.0,67.0
2025021,金洋,三班,男,72.0,64.0,67.0
2025028,韩婷,三班,女,68.0,73.0,65.0
2025030,周丽,三班,女,66.0,81.0,72.0
2025001,赵洋,一班,男,82.0,88.0,78.0
2025004,郑娜,一班,女,77.0,90.0,83.0
2025017,朱宇,二班,男,71.0,97.0,80.0
2025003,施峰,一班,男,82.0,,76.0
2025012,陶怡,二班,女,,88.0,66.0
2025027,陶杰,三班,男,68.0,84.0,62.0
2025006,金琳,一班,女,88.0,72.0,76.0
2025001,赵洋,一班,男,82.0,88.0,78.0
2025014,何洁,二班,女,75.0,78.0,74.0
2025024,孙娜,三班,女,64.0,75.0,48.0
2025018,赵静,二班,女,66.0,78.0,
2025002,朱娟,一班,女,75.0,80.0,71.0
2025023,尤峰,三班,男,77.0,80.0,54.0
2025010,冯丽,一班,女,78.0,85.0,81.0
2025015,严强,二班,男,66.0,78.0,85.0
2025026,孔琳,三班,女,76.0,66.0,63.0
2025008,尤婷,一班,女,80.0,72.0,82.0
2025011,韩浩,二班,男,64.0,72.0,64.0
2025023,尤峰,三班,男,77.0,80.0,54.0
2025009,孔亮,一班,男,83.0,83.0,57.0
2025025,冯辉,三班,男,66.0,,77.0
2025013,周超,二班,男,76.0,86.0,68.0
2025029,何亮,三班,男,68.0,58.0,66.0
2025005,蒋辉,一班,男,83.0,76.0,80.0
2025022,蒋娟,三班,女,61.0,63.0,64.0
2025019,郑军,二班,男,74.0,84.0,72.0